item_basico,nome_produto,preco,preco_original,desconto_percentual,em_oferta,loja_market_id,categoria_id,codigo_barras,estoque,slug,url_produto,categoria_busca,fonte
arroz,BISCOITO ARROZ NATURATTA INTEGRAL ZERO 60G,11.99,11.99,0.0,False,355,13758,7898965335106,2,biscoito-arroz-naturatta-integral-zero-60g,https://mercadinhossaoluiz.com.br/produto/biscoito-arroz-naturatta-integral-zero-60g,arroz,Mercadinho São Luiz
acucar,ADOÇANTE LÍQUIDO ZERO CAL SACARINA 100ML,8.41,8.41,0.0,False,355,13760,7896094910904,20,adocante-liquido-com-sacarina-zero-cal-100ml,https://mercadinhossaoluiz.com.br/produto/adocante-liquido-com-sacarina-zero-cal-100ml,acucar,Mercadinho São Luiz
acucar,ADOÇANTE LÍQUIDO ZERO CAL SACARINA 200ML,13.67,13.67,0.0,False,355,13760,7896094910959,8,adocante-zero-cal-200ml,https://mercadinhossaoluiz.com.br/produto/adocante-zero-cal-200ml,acucar,Mercadinho São Luiz
acucar,ADOÇANTE LÍQUIDO LINEA 75ML,19.25,19.25,0.0,False,355,13760,7896001250628,6,adocante-liquido-linea-75ml,https://mercadinhossaoluiz.com.br/produto/adocante-liquido-linea-75ml,acucar,Mercadinho São Luiz
acucar,ADOÇANTE MAGRO C/ STÉVIA 80ML,9.46,9.46,0.0,False,355,13760,7896292010000,4,adocante-magro-com-stevia-80ml,https://mercadinhossaoluiz.com.br/produto/adocante-magro-com-stevia-80ml,acucar,Mercadinho São Luiz
acucar,ADOÇANTE SVILI STÉVIA EXTRA 90ML,10.62,10.62,0.0,False,355,13760,7897670700452,15,adocante-stevia-svili-excellent-90ml,https://mercadinhossaoluiz.com.br/produto/adocante-stevia-svili-excellent-90ml,acucar,Mercadinho São Luiz
acucar,ADOÇANTE EM PÓ LINEA STÉVIA 30G,17.0,17.0,0.0,False,355,13760,7896001210110,2,adocante-em-po-stevia-linea-30g,https://mercadinhossaoluiz.com.br/produto/adocante-em-po-stevia-linea-30g,acucar,Mercadinho São Luiz
acucar,ADOÇANTE LÍQUIDO LINEA STÉVIA 60ML,17.84,17.84,0.0,False,355,13760,7896001210103,3,adocante-linea-stevia-60ml,https://mercadinhossaoluiz.com.br/produto/adocante-linea-stevia-60ml,acucar,Mercadinho São Luiz
acucar,FRUTOSE LOWÇUCAR 200G,23.05,23.05,0.0,False,355,13760,7896292000131,2,adocante-frutose-lowcucar-200g,https://mercadinhossaoluiz.com.br/produto/adocante-frutose-lowcucar-200g,acucar,Mercadinho São Luiz
acucar,ADOÇANTE LÍQUIDO SUCRALOSE ZERO CAL 100ML,15.78,15.78,0.0,False,355,13760,7896094906624,8,adocante-liquido-sucralose-zero-cal-100ml,https://mercadinhossaoluiz.com.br/produto/adocante-liquido-sucralose-zero-cal-100ml,acucar,Mercadinho São Luiz
acucar,ADOÇANTE MAGRO C/ SUCRALOSE 80ML,11.11,11.11,0.0,False,355,13760,7896292001497,7,adocante-magro-com-sucralose-80ml,https://mercadinhossaoluiz.com.br/produto/adocante-magro-com-sucralose-80ml,acucar,Mercadinho São Luiz
acucar,ADOCANTE ZERO CAL SUCRALOSE COM 2 100ML,21.04,21.04,0.0,False,355,13760,7896094912779,1,adocante-zero-cal-sucralose-com-2-100ml,https://mercadinhossaoluiz.com.br/produto/adocante-zero-cal-sucralose-com-2-100ml,acucar,Mercadinho São Luiz
acucar,ADOÇANTE LÍNEA XILITOL POUCH 300G,51.78,51.78,0.0,False,355,13760,7896001215238,2,adocante-linea-xilitol-pouch-300g,https://mercadinhossaoluiz.com.br/produto/adocante-linea-xilitol-pouch-300g,acucar,Mercadinho São Luiz
acucar,ADOÇANTE SVILI STÉVIA PURA 90ML,27.42,27.42,0.0,False,355,13760,7897670701749,1,adocante-stevia-pura-90ml,https://mercadinhossaoluiz.com.br/produto/adocante-stevia-pura-90ml,acucar,Mercadinho São Luiz
acucar,ADOÇANTE ZERO CAL LÍQUIDO ERITRITOL 65ML,18.94,18.94,0.0,False,355,13760,7896094919136,6,adocante-zero-cal-eritritol-zero-gluten-65m,https://mercadinhossaoluiz.com.br/produto/adocante-zero-cal-eritritol-zero-gluten-65m,acucar,Mercadinho São Luiz
acucar,ADOCANTE STEVIA 100% NATURAL ANDINA 20G,63.75,63.75,0.0,False,355,13760,735201110226,4,adocante-stevia-100-natural-andina-40g-246702,https://mercadinhossaoluiz.com.br/produto/adocante-stevia-100-natural-andina-40g-246702,acucar,Mercadinho São Luiz
acucar,ADOÇANTE EM PÓ LINEA ERITRITOL 300G,55.57,55.57,0.0,False,355,13760,7896001200012,2,adocante-em-po-linea-eritritol-300g,https://mercadinhossaoluiz.com.br/produto/adocante-em-po-linea-eritritol-300g,acucar,Mercadinho São Luiz
acucar,ADOÇANTE ZERO CAL STÉVIA COM SUCRALOSE LÍQUIDO 80ML,15.78,15.78,0.0,False,355,13760,7896094915046,2,adocante-liquido-zero-cal-stevia-80ml-98356,https://mercadinhossaoluiz.com.br/produto/adocante-liquido-zero-cal-stevia-80ml-98356,acucar,Mercadinho São Luiz
acucar,ADOCANTE ZERO CAL STEVIA COM 2 UNIDADES 50% DESCONTO NA 2 UNIDADE,23.15,23.15,0.0,False,355,13760,7896094919129,3,adocante-zero-cal-stevia-com-2-unidades-50-desconto-na-2-unidade,https://mercadinhossaoluiz.com.br/produto/adocante-zero-cal-stevia-com-2-unidades-50-desconto-na-2-unidade,acucar,Mercadinho São Luiz
acucar,ADOCANTE DIETETICO EM PO LINEA COM 50 ENVELOPES,15.78,15.78,0.0,False,355,13760,7896001250710,7,adocante-dietetico-em-po-linea-com-50-envelopes,https://mercadinhossaoluiz.com.br/produto/adocante-dietetico-em-po-linea-com-50-envelopes,acucar,Mercadinho São Luiz
acucar,ADOCANTE LIQ MAGRO 60ML 100% STEVIA,18.16,18.16,0.0,False,355,13760,7896292005792,10,adocante-liq-magro-60ml-100-stevia,https://mercadinhossaoluiz.com.br/produto/adocante-liq-magro-60ml-100-stevia,acucar,Mercadinho São Luiz
acucar,ADOCANTE LIQUIDO LINEA 75ML DIET 50% DESCONTO NA 2 UNIDADE,29.95,29.95,0.0,False,355,13760,7896001282421,6,adocante-liquido-linea-75ml-diet-50-desconto-na-2-unidade,https://mercadinhossaoluiz.com.br/produto/adocante-liquido-linea-75ml-diet-50-desconto-na-2-unidade,acucar,Mercadinho São Luiz
acucar,ADOCANTE STEVIA SEM SABOR AMARGO 30ML COLOR ANDINA,27.15,27.15,0.0,False,355,13760,619205643778,5,,https://mercadinhossaoluiz.com.br/produto/None,acucar,Mercadinho São Luiz
acucar,ADOCANTE LIQUIDO GOLD STEVIA 100% 65ML,13.09,13.09,0.0,False,355,13760,7896569406253,1,adocante-liquido-gold-stevia-100-65ml,https://mercadinhossaoluiz.com.br/produto/adocante-liquido-gold-stevia-100-65ml,acucar,Mercadinho São Luiz
acucar,ADOCANTE LIQUIDO GOLD STEVIA 65ML,13.78,13.78,0.0,False,355,13760,7896261405448,1,,https://mercadinhossaoluiz.com.br/produto/None,acucar,Mercadinho São Luiz
oleo,MOLHO DE TOMATE POMAROLA RECEITAS BOLONHESA 300G,9.15,9.15,0.0,False,355,13799,7896036095126,15,pomarola-bolonhesa-sache-300g,https://mercadinhossaoluiz.com.br/produto/pomarola-bolonhesa-sache-300g,oleo,Mercadinho São Luiz
oleo,COLORÍFICO DONA CLARA 100G,1.36,1.36,0.0,False,355,13799,7896490288898,198,colorau-colorifico-dona-clara-100g,https://mercadinhossaoluiz.com.br/produto/colorau-colorifico-dona-clara-100g,oleo,Mercadinho São Luiz
oleo,MOLHO DE PIMENTA TABASCO BRAND PEPPER 60ML,30.52,30.52,0.0,False,355,13799,11210115606,5,molho-americano-tabasco-red-pepper-60ml,https://mercadinhossaoluiz.com.br/produto/molho-americano-tabasco-red-pepper-60ml,oleo,Mercadinho São Luiz
oleo,TEMPERO SAZÓN CARNE 60G,6.37,6.37,0.0,False,355,13799,7891132019281,26,tempero-sazon-carne-floppy-60g,https://mercadinhossaoluiz.com.br/produto/tempero-sazon-carne-floppy-60g,oleo,Mercadinho São Luiz
oleo,TEMPERO SAZÓN AVES 60G,6.37,6.37,0.0,False,355,13799,7891132019274,20,tempero-para-frango-sazon-60g,https://mercadinhossaoluiz.com.br/produto/tempero-para-frango-sazon-60g,oleo,Mercadinho São Luiz
oleo,TEMPERO SAZÓN LEGUMES 60G,6.37,6.37,0.0,False,355,13799,7891132019403,12,tempero-para-legumes-sazon-pacote-60g,https://mercadinhossaoluiz.com.br/produto/tempero-para-legumes-sazon-pacote-60g,oleo,Mercadinho São Luiz
oleo,TEMPERO SABOR AMI SEM PIMENTA 300G,6.47,6.47,0.0,False,355,13799,7891132019038,11,sabor-a-mi-s-p-24-pote-x-300-gr,https://mercadinhossaoluiz.com.br/produto/sabor-a-mi-s-p-24-pote-x-300-gr,oleo,Mercadinho São Luiz
oleo,TEMPERO SABOR AMI COM PIMENTA 300G,6.47,6.47,0.0,False,355,13799,7891132019045,10,sabor-a-mi-c-p-24-pote-x-300-gr,https://mercadinhossaoluiz.com.br/produto/sabor-a-mi-c-p-24-pote-x-300-gr,oleo,Mercadinho São Luiz
oleo,REALÇADOR DE SABOR AJI-NO-MOTO REFIL 100G,8.52,8.52,0.0,False,355,13799,7891132012015,3,aji-no-moto-36-refil-x-100-gr,https://mercadinhossaoluiz.com.br/produto/aji-no-moto-36-refil-x-100-gr,oleo,Mercadinho São Luiz
oleo,TEMPERO SAZÓN MASSAS 60G,6.37,6.37,0.0,False,355,13799,7891132019717,10,tempero-sazon-massas-flopy-60g,https://mercadinhossaoluiz.com.br/produto/tempero-sazon-massas-flopy-60g,oleo,Mercadinho São Luiz
oleo,TEMPERO SAZÓN FEIJÃO 60G,6.37,6.37,0.0,False,355,13799,7891132019724,15,sazon-marrom-48x12x5g,https://mercadinhossaoluiz.com.br/produto/sazon-marrom-48x12x5g,oleo,Mercadinho São Luiz
oleo,REALÇADOR DE SABOR AJI-SAL 100G,8.89,8.89,0.0,False,355,13799,7891132082018,2,aji-sal-36-frasco-x-100-gr,https://mercadinhossaoluiz.com.br/produto/aji-sal-36-frasco-x-100-gr,oleo,Mercadinho São Luiz
oleo,TEMPERO GRILL MAGGI 120G,12.41,12.41,0.0,False,355,13799,7891000502204,7,tempero-gril-maggi-120g,https://mercadinhossaoluiz.com.br/produto/tempero-gril-maggi-120g,oleo,Mercadinho São Luiz
oleo,TEMPERO FONDOR MAGGI 120G,12.41,12.41,0.0,False,355,13799,7891000502105,4,tempero-fondor-maggi-120g,https://mercadinhossaoluiz.com.br/produto/tempero-fondor-maggi-120g,oleo,Mercadinho São Luiz
oleo,MOLHO INGLÊS MINHOTO 150ML,9.42,9.42,0.0,False,355,13799,7896013101697,7,molho-ingles-minhoto-150ml,https://mercadinhossaoluiz.com.br/produto/molho-ingles-minhoto-150ml,oleo,Mercadinho São Luiz
oleo,PIMENTA BRANCA ISHASHI EM PÓ 40G,8.2,8.2,0.0,False,355,13799,7896244830137,5,pimenta-branca-ishashi-40g,https://mercadinhossaoluiz.com.br/produto/pimenta-branca-ishashi-40g,oleo,Mercadinho São Luiz
oleo,CURRY ISHASHI 30G,6.73,6.73,0.0,False,355,13799,7896244830182,31,curry-ishashi-30g,https://mercadinhossaoluiz.com.br/produto/curry-ishashi-30g,oleo,Mercadinho São Luiz
oleo,PIMENTA DO REINO ISHASHI EM PÓ 40G,8.58,8.58,0.0,False,355,13799,7896244830090,29,pimenta-do-reino-ishashi-em-po-40g,https://mercadinhossaoluiz.com.br/produto/pimenta-do-reino-ishashi-em-po-40g,oleo,Mercadinho São Luiz
oleo,PIMENTA DO REINO ISHASHI EM GRÃO 40G,7.99,7.99,0.0,False,355,13799,7896244830144,22,pimenta-ishashi-grao-40g,https://mercadinhossaoluiz.com.br/produto/pimenta-ishashi-grao-40g,oleo,Mercadinho São Luiz
oleo,ORÉGANO ISHASHI 10G,6.09,6.09,0.0,False,355,13799,7896244830076,46,oregano-ishashi-10g,https://mercadinhossaoluiz.com.br/produto/oregano-ishashi-10g,oleo,Mercadinho São Luiz
oleo,FOLHA DE LOURO ISHASHI 5G,6.37,6.37,0.0,False,355,13799,7896244830052,26,louro-folha-ishashi-5g,https://mercadinhossaoluiz.com.br/produto/louro-folha-ishashi-5g,oleo,Mercadinho São Luiz
oleo,COMINHO ISHASHI EM PÓ 40G,7.36,7.36,0.0,False,355,13799,7896244830014,10,cominho-ishashi-em-po-40g,https://mercadinhossaoluiz.com.br/produto/cominho-ishashi-em-po-40g,oleo,Mercadinho São Luiz
oleo,CRAVO ISHASHI 20G,8.37,8.37,0.0,False,355,13799,7896244830038,17,cravo-da-india-ishashi-20g,https://mercadinhossaoluiz.com.br/produto/cravo-da-india-ishashi-20g,oleo,Mercadinho São Luiz
oleo,CANELA EM PÓ ISHASHI 40G,9.0,9.0,0.0,False,355,13799,7896244810030,28,canela-ishashi-po-40g,https://mercadinhossaoluiz.com.br/produto/canela-ishashi-po-40g,oleo,Mercadinho São Luiz
oleo,BICARBONATO DE SÓDIO ISHASHI 50G,6.09,6.09,0.0,False,355,13799,7896244810122,22,bicarbonato-sodio-ishashi-50g,https://mercadinhossaoluiz.com.br/produto/bicarbonato-sodio-ishashi-50g,oleo,Mercadinho São Luiz
oleo,MOLHO DE PIMENTA KNORR 150ML,10.2,10.2,0.0,False,355,13799,7891234000187,15,molho-de-pimenta-knorr-tradicional-150ml,https://mercadinhossaoluiz.com.br/produto/molho-de-pimenta-knorr-tradicional-150ml,oleo,Mercadinho São Luiz
oleo,TEMPERO COMPLETO ARISCO SEM PIMENTA 300G,9.46,9.46,0.0,False,355,13799,7891700011204,10,tempero-completo-arisco-sem-pimenta-300g,https://mercadinhossaoluiz.com.br/produto/tempero-completo-arisco-sem-pimenta-300g,oleo,Mercadinho São Luiz
oleo,MAIONESE HELLMANN`S TRADICIONAL POTE 250G,11.46,11.46,0.0,False,355,13799,7894000050027,30,maionese-hellmanns-tradicional-250g,https://mercadinhossaoluiz.com.br/produto/maionese-hellmanns-tradicional-250g,oleo,Mercadinho São Luiz
oleo,MAIONESE HELLMANN`S 500G,22.58,22.58,0.0,False,355,13799,7894000050034,62,maionese-hellmanns-tradicional-500g,https://mercadinhossaoluiz.com.br/produto/maionese-hellmanns-tradicional-500g,oleo,Mercadinho São Luiz
oleo,MAIONESE HELLMANN`S LIGHT 500G,22.58,22.58,0.0,False,355,13799,7894000050720,8,maionese-hellmanns-light-500g,https://mercadinhossaoluiz.com.br/produto/maionese-hellmanns-light-500g,oleo,Mercadinho São Luiz
oleo,MOLHO SAKURA MOLHEIRA PREMIUM 150ML,15.63,15.63,0.0,False,355,13799,7896007810017,2,molho-sakura-molheira-premium-150ml,https://mercadinhossaoluiz.com.br/produto/molho-sakura-molheira-premium-150ml,oleo,Mercadinho São Luiz
oleo,MOLHO SHOYU SAKURA TRADICIONAL 1L,37.95,37.95,0.0,False,355,13799,7896007801008,3,molho-shoyu-tradicional-sakura-pet-1l,https://mercadinhossaoluiz.com.br/produto/molho-shoyu-tradicional-sakura-pet-1l,oleo,Mercadinho São Luiz
oleo,MOLHO DE SOJA SAKURA LIGHT 150ML,15.63,15.63,0.0,False,355,13799,7896007810123,11,molho-de-soja-sakura-light-150ml,https://mercadinhossaoluiz.com.br/produto/molho-de-soja-sakura-light-150ml,oleo,Mercadinho São Luiz
oleo,MOSTARDA DIJON GREY POUPON AU VIN WHITE 215G,44.11,44.11,0.0,False,355,13799,3036810100576,1,mostarda-dijon-grey-white-215g,https://mercadinhossaoluiz.com.br/produto/mostarda-dijon-grey-white-215g,oleo,Mercadinho São Luiz
oleo,MOSTARDA GREY POUPON AL`ANCIENNE 210G,44.11,44.11,0.0,False,355,13799,3036810107025,1,mostarda-fra-grey-poupon-old-style-210g,https://mercadinhossaoluiz.com.br/produto/mostarda-fra-grey-poupon-old-style-210g,oleo,Mercadinho São Luiz
oleo,MOLHO DE TOMATE POMAROLA TRADICIONAL CAIXA 260G,6.09,6.09,0.0,False,355,13799,7896036095096,48,molho-de-tomate-pomarola-tetra-pak-260g,https://mercadinhossaoluiz.com.br/produto/molho-de-tomate-pomarola-tetra-pak-260g,oleo,Mercadinho São Luiz
oleo,MOLHO SHOYU SAKURA TRADICIONAL 150ML,5.36,5.36,0.0,False,355,13799,7896007811007,27,molho-sakura-tradicional-150ml,https://mercadinhossaoluiz.com.br/produto/molho-sakura-tradicional-150ml,oleo,Mercadinho São Luiz
oleo,CALDO KNORR GALINHA 57G 6 CUBOS,2.62,2.62,0.0,False,355,13799,7894000000275,57,caldo-knorr-galinha-57g-6-cubos,https://mercadinhossaoluiz.com.br/produto/caldo-knorr-galinha-57g-6-cubos,oleo,Mercadinho São Luiz
oleo,CALDO KNORR CARNE 6 CUBOS,2.62,2.62,0.0,False,355,13799,7891150012318,56,caldo-knorr-carne-6-cubos,https://mercadinhossaoluiz.com.br/produto/caldo-knorr-carne-6-cubos,oleo,Mercadinho São Luiz
oleo,TEMPERO SAZÓN SALADAS 60G,6.37,6.37,0.0,False,355,13799,7891132019731,5,tempero-sazon-salada-floppy,https://mercadinhossaoluiz.com.br/produto/tempero-sazon-salada-floppy,oleo,Mercadinho São Luiz
oleo,TEMPERO EM PASTA RECEITA DE CASA CASEIRO 450G,14.73,14.73,0.0,False,355,13799,7891132000012,5,receita-de-casa-classico-20-x-450-gr,https://mercadinhossaoluiz.com.br/produto/receita-de-casa-classico-20-x-450-gr,oleo,Mercadinho São Luiz
oleo,TEMPERO EM PASTA RECEITA DE CASA COM PIMENTA 450G,14.73,14.73,0.0,False,355,13799,7891132000029,5,receita-de-casa-c-pim-20-x-450-gr,https://mercadinhossaoluiz.com.br/produto/receita-de-casa-c-pim-20-x-450-gr,oleo,Mercadinho São Luiz
oleo,AZEITE EXTRA VIRGEM GALLO 500ML,42.0,42.0,0.0,False,355,13799,5601252231164,110,azeite-extra-virgem-gallo-vidro-500ml,https://mercadinhossaoluiz.com.br/produto/azeite-extra-virgem-gallo-vidro-500ml,oleo,Mercadinho São Luiz
oleo,AÇAFRÃO ISHASHI EM PÓ 35G,6.37,6.37,0.0,False,355,13799,7896244830199,20,acafrao-ishashi-po-35g,https://mercadinhossaoluiz.com.br/produto/acafrao-ishashi-po-35g,oleo,Mercadinho São Luiz
oleo,ALECRIM ISHASHI 15G,5.42,5.42,0.0,False,355,13799,7896244830205,22,alecrim-ishashi-10g,https://mercadinhossaoluiz.com.br/produto/alecrim-ishashi-10g,oleo,Mercadinho São Luiz
oleo,LOURO ISHASHI EM PÓ 30G,6.58,6.58,0.0,False,355,13799,7896244830229,11,louro-em-po-ishashi-30g,https://mercadinhossaoluiz.com.br/produto/louro-em-po-ishashi-30g,oleo,Mercadinho São Luiz
oleo,MANJERICÃO ISHASHI 10G,6.09,6.09,0.0,False,355,13799,7896244830236,16,manjericao-ishashi-10g,https://mercadinhossaoluiz.com.br/produto/manjericao-ishashi-10g,oleo,Mercadinho São Luiz
oleo,SALSA ISHASHI 8G,5.42,5.42,0.0,False,355,13799,7896244830250,22,salsa-desidratada-ishashi-8g,https://mercadinhossaoluiz.com.br/produto/salsa-desidratada-ishashi-8g,oleo,Mercadinho São Luiz
oleo,PIMENTA ISHASHI COM COMINHO 40G,7.57,7.57,0.0,False,355,13799,7896244830267,12,pimenta-ishashi-com-cominho-moida-40g,https://mercadinhossaoluiz.com.br/produto/pimenta-ishashi-com-cominho-moida-40g,oleo,Mercadinho São Luiz
oleo,MAIONESE HELLMANN`S TRADICIONAL EMBAL. ECONÔMICA SACHÊ 200G,7.53,7.53,0.0,False,355,13799,7894000030470,7,maionese-hellmanns-sache-200g,https://mercadinhossaoluiz.com.br/produto/maionese-hellmanns-sache-200g,oleo,Mercadinho São Luiz
oleo,MAIONESE ARISCO SACHÊ 196G,4.2,4.2,0.0,False,355,13799,7891700206952,20,maionese-arisco-196g,https://mercadinhossaoluiz.com.br/produto/maionese-arisco-196g,oleo,Mercadinho São Luiz
oleo,NOZ MOSCADA ISHASHI 30G,8.94,8.94,0.0,False,355,13799,7896244830274,19,noz-moscada-ishashi-30g-100872,https://mercadinhossaoluiz.com.br/produto/noz-moscada-ishashi-30g-100872,oleo,Mercadinho São Luiz
oleo,ERVAS FINAS ISHASHI 15G,5.32,5.32,0.0,False,355,13799,7896244830281,21,tempero-ishashi-15g-ervas-finas,https://mercadinhossaoluiz.com.br/produto/tempero-ishashi-15g-ervas-finas,oleo,Mercadinho São Luiz
oleo,MOLHO INGLÊS KENKO 150ML,5.67,5.67,0.0,False,355,13799,7896007811403,10,molho-ingles-kenko-150ml-364,https://mercadinhossaoluiz.com.br/produto/molho-ingles-kenko-150ml-364,oleo,Mercadinho São Luiz
oleo,MOLHO DE PIMENTA KENKO 150ML,5.67,5.67,0.0,False,355,13799,7896007811304,26,molho-pimenta-kenko-150ml,https://mercadinhossaoluiz.com.br/produto/molho-pimenta-kenko-150ml,oleo,Mercadinho São Luiz
oleo,MOLHO KENKO BARBECUE 180G,10.89,10.89,0.0,False,355,13799,7896007865802,12,molho-kenko-barbecue-180g,https://mercadinhossaoluiz.com.br/produto/molho-kenko-barbecue-180g,oleo,Mercadinho São Luiz
oleo,MOLHO DE TOMATE POMAROLA TRADICIONAL CAIXA 520G,9.46,9.46,0.0,False,355,13799,7896036095102,9,pomarola-tradicional-520g-tp-106845,https://mercadinhossaoluiz.com.br/produto/pomarola-tradicional-520g-tp-106845,oleo,Mercadinho São Luiz
oleo,CALDO KNORR CARNE 12 CUBOS,4.41,4.41,0.0,False,355,13799,7891150012363,19,caldo-knorr-carne-12-cubos,https://mercadinhossaoluiz.com.br/produto/caldo-knorr-carne-12-cubos,oleo,Mercadinho São Luiz
oleo,ALFAVACA SEMPRE VERDE UND,4.41,4.41,0.0,False,355,13799,7898259990479,1,alfavaca-sempre-verde-und,https://mercadinhossaoluiz.com.br/produto/alfavaca-sempre-verde-und,oleo,Mercadinho São Luiz
oleo,BOLDO SEMPRE VERDE UND,4.41,4.41,0.0,False,355,13799,7898259990486,1,boldo-sempre-verde-und,https://mercadinhossaoluiz.com.br/produto/boldo-sempre-verde-und,oleo,Mercadinho São Luiz
oleo,CORAMA SEMPRE VERDE UND,4.41,4.41,0.0,False,355,13799,7898259990462,2,corama-sempre-verde-und,https://mercadinhossaoluiz.com.br/produto/corama-sempre-verde-und,oleo,Mercadinho São Luiz
oleo,MALVA SEMPRE VERDE UND,4.41,4.41,0.0,False,355,13799,7898259990455,2,malva-sempre-verde-und,https://mercadinhossaoluiz.com.br/produto/malva-sempre-verde-und,oleo,Mercadinho São Luiz
oleo,COLORÍFICO KIMIMO S/SAL 100G,1.36,1.36,0.0,False,355,13799,7896490288874,100,colorau-colorifico-kimimo-100g,https://mercadinhossaoluiz.com.br/produto/colorau-colorifico-kimimo-100g,oleo,Mercadinho São Luiz
oleo,TEMPERO COMPLETO MAGGI MEU SEGREDO VEGETAIS 49G,4.37,4.37,0.0,False,355,13799,7891000006689,12,tempero-meu-segredo-maggi-49g-382,https://mercadinhossaoluiz.com.br/produto/tempero-meu-segredo-maggi-49g-382,oleo,Mercadinho São Luiz
oleo,LEITE DE COCO SOCOCO TRADICIONAL CAIXA 200ML,11.95,11.95,0.0,False,355,13799,7896004400372,6,leite-coco-sococo-tp-200ml,https://mercadinhossaoluiz.com.br/produto/leite-coco-sococo-tp-200ml,oleo,Mercadinho São Luiz
oleo,TEMPERO COMPLETO ARISCO COM PIMENTA 300G,9.46,9.46,0.0,False,355,13799,7891700011006,12,tempero-completo-arisco-com-pimenta-300g,https://mercadinhossaoluiz.com.br/produto/tempero-completo-arisco-com-pimenta-300g,oleo,Mercadinho São Luiz
oleo,TEMPERO SAZÓN ARROZ 60G,6.37,6.37,0.0,False,355,13799,7891132000449,12,tempero-sazon-arroz-floppy-60g,https://mercadinhossaoluiz.com.br/produto/tempero-sazon-arroz-floppy-60g,oleo,Mercadinho São Luiz
oleo,TEMPERO ORIENTAL HONDASHI 60G,15.95,15.95,0.0,False,355,13799,7891132040018,3,hondashi-48x6x10g,https://mercadinhossaoluiz.com.br/produto/hondashi-48x6x10g,oleo,Mercadinho São Luiz
oleo,AZEITE OLIVA PAGANINI EXTRA VIRGEM 250ML,58.52,58.52,0.0,False,355,13799,7898152990019,2,azeite-oliva-paganini-extra-virgem-250ml,https://mercadinhossaoluiz.com.br/produto/azeite-oliva-paganini-extra-virgem-250ml,oleo,Mercadinho São Luiz
oleo,ACETO BALSAMICO PAGANINI 500ML,36.2,36.2,0.0,False,355,13799,7898152990392,4,aceto-balsamico-paganini-500ml,https://mercadinhossaoluiz.com.br/produto/aceto-balsamico-paganini-500ml,oleo,Mercadinho São Luiz
oleo,AZEITE EXTRA VIRGEM ANDORINHA 500ML,42.0,42.0,0.0,False,355,13799,5601216120152,42,azeite-de-oliva-andorinha-extra-virgem-500ml,https://mercadinhossaoluiz.com.br/produto/azeite-de-oliva-andorinha-extra-virgem-500ml,oleo,Mercadinho São Luiz
oleo,MIX BARBECUE BR SPICES MOEDOR 64G,21.04,21.04,0.0,False,355,13799,7898946900972,2,barbecue-mix-br-spices-com-moedor-64g,https://mercadinhossaoluiz.com.br/produto/barbecue-mix-br-spices-com-moedor-64g,oleo,Mercadinho São Luiz
oleo,TEMPERO BR SPICES LEMON PEPPER 100G,20.95,20.95,0.0,False,355,13799,7898946900071,4,lemon-pepper-100g-pote-br-spices,https://mercadinhossaoluiz.com.br/produto/lemon-pepper-100g-pote-br-spices,oleo,Mercadinho São Luiz
oleo,POLPA DE TOMATE PAGANINI TRADICIONAL 690G,27.36,27.36,0.0,False,355,13799,7898152990040,9,polpa-tom-paganini-690g,https://mercadinhossaoluiz.com.br/produto/polpa-tom-paganini-690g,oleo,Mercadinho São Luiz
oleo,POLPA DE TOMATE PAGANINI CEBOLA E MANJERICÃO 690G,31.15,31.15,0.0,False,355,13799,7898152990057,7,polpa-de-tomate-com-manjericao-paganin-690g,https://mercadinhossaoluiz.com.br/produto/polpa-de-tomate-com-manjericao-paganin-690g,oleo,Mercadinho São Luiz
oleo,MOSTARDA MRS TASTE ZERO CALORIAS 350G,29.21,29.21,0.0,False,355,13799,7896573360350,4,mostarda-zero-mrs-taste-350g,https://mercadinhossaoluiz.com.br/produto/mostarda-zero-mrs-taste-350g,oleo,Mercadinho São Luiz
oleo,MOLHO P/ SALADA MRS TASTE ZERO SÓDIO ITALIANO 300ML,29.53,29.53,0.0,False,355,13799,7896573360329,3,molho-p-salada-italiano-mr-taste-300m,https://mercadinhossaoluiz.com.br/produto/molho-p-salada-italiano-mr-taste-300m,oleo,Mercadinho São Luiz
oleo,MOLHO DE PIMENTA MENDEZ CHIPOTLE 80ML,20.73,20.73,0.0,False,355,13799,7898943849144,6,molho-pim-crem-def-mendez-80ml,https://mercadinhossaoluiz.com.br/produto/molho-pim-crem-def-mendez-80ml,oleo,Mercadinho São Luiz
oleo,MOLHO DE PIMENTA MENDEZ SUAVE CREMOSO 450ML,47.32,47.32,0.0,False,355,13799,7898943849151,4,pimenta-mendez-suave-450ml,https://mercadinhossaoluiz.com.br/produto/pimenta-mendez-suave-450ml,oleo,Mercadinho São Luiz
oleo,GENGIBRE ISHASHI 30G,7.21,7.21,0.0,False,355,13799,7896244830298,16,gengibre-ishashi-30g,https://mercadinhossaoluiz.com.br/produto/gengibre-ishashi-30g,oleo,Mercadinho São Luiz
oleo,TOMILHO ISHASHI 15G,5.42,5.42,0.0,False,355,13799,7896244830304,8,tomilho-ishashi-folhas-desidratadas-pote-15g,https://mercadinhossaoluiz.com.br/produto/tomilho-ishashi-folhas-desidratadas-pote-15g,oleo,Mercadinho São Luiz
oleo,PIMENTA CALABRESA ISHASHI 20G,7.0,7.0,0.0,False,355,13799,7896244830120,18,pimenta-ishashi-calabreza-15g,https://mercadinhossaoluiz.com.br/produto/pimenta-ishashi-calabreza-15g,oleo,Mercadinho São Luiz
oleo,MOLHO SAKURA 500ML YAKISSOBA,28.58,28.58,0.0,False,355,13799,7896007800896,1,molho-sakura-500ml-yakissoba,https://mercadinhossaoluiz.com.br/produto/molho-sakura-500ml-yakissoba,oleo,Mercadinho São Luiz
oleo,PIM.GALLO 50ML,25.25,25.25,0.0,False,355,13799,5601252111602,2,pim-gallo-50ml,https://mercadinhossaoluiz.com.br/produto/pim-gallo-50ml,oleo,Mercadinho São Luiz
oleo,POLPA DE TOMATE PAGANINI RÚSTICA 690G,26.21,26.21,0.0,False,355,13799,7898152996929,17,polpa-de-tomate-rustica-paganini-690g,https://mercadinhossaoluiz.com.br/produto/polpa-de-tomate-rustica-paganini-690g,oleo,Mercadinho São Luiz
oleo,MOLHO MRS TASTE ZERO CALORIAS BARBECUE 350G,35.42,35.42,0.0,False,355,13799,7896573360404,1,molho-barbecue-churrasco-350g-taste,https://mercadinhossaoluiz.com.br/produto/molho-barbecue-churrasco-350g-taste,oleo,Mercadinho São Luiz
oleo,MOLHO TOM LA PASTINA 680G PASSATA,31.11,31.11,0.0,False,355,13799,7896196059044,7,molho-tom-la-pastina-680g-passata,https://mercadinhossaoluiz.com.br/produto/molho-tom-la-pastina-680g-passata,oleo,Mercadinho São Luiz
ovos,PÃO DE QUEIJO YOKI 250G,14.62,14.62,0.0,False,355,13797,7891095300808,1,massa-para-pao-de-queijo-yoki-250g,https://mercadinhossaoluiz.com.br/produto/massa-para-pao-de-queijo-yoki-250g,ovos,Mercadinho São Luiz
ovos,SOPA MAGGI CEBOLA PACOTE 68G,7.74,7.74,0.0,False,355,13797,7891000530603,10,sopa-maggi-cebola-68g-79138,https://mercadinhossaoluiz.com.br/produto/sopa-maggi-cebola-68g-79138,ovos,Mercadinho São Luiz
ovos,SARDINHA GOMES DA COSTA MOLHO DE TOMATE 125G,7.32,7.32,0.0,False,355,13797,7891167021020,68,sardinha-gomes-da-costa-com-molho-de-tomate-125g,https://mercadinhossaoluiz.com.br/produto/sardinha-gomes-da-costa-com-molho-de-tomate-125g,ovos,Mercadinho São Luiz
ovos,SARDINHA GOMES DA COSTA ÓLEO 125G,7.32,7.32,0.0,False,355,13797,7891167021013,272,sardinhas-com-oleo-gomes-da-costa-lata-125g,https://mercadinhossaoluiz.com.br/produto/sardinhas-com-oleo-gomes-da-costa-lata-125g,ovos,Mercadinho São Luiz
ovos,ATUM COQUEIRO SÓLIDO EM ÓLEO 170G,16.41,16.41,0.0,False,355,13797,7896009301155,36,atum-coqueiro-solido-em-oleo-170g,https://mercadinhossaoluiz.com.br/produto/atum-coqueiro-solido-em-oleo-170g,ovos,Mercadinho São Luiz
ovos,ATUM COQUEIRO RALADO 170G,12.94,12.94,0.0,False,355,13797,7896009301131,28,atum-coqueiro-170g-ralado,https://mercadinhossaoluiz.com.br/produto/atum-coqueiro-170g-ralado,ovos,Mercadinho São Luiz
ovos,COCO RALADO SOCOCO 50G,7.11,7.11,0.0,False,355,13797,7896004400020,19,coco-ralado-sococo-50g,https://mercadinhossaoluiz.com.br/produto/coco-ralado-sococo-50g,ovos,Mercadinho São Luiz
ovos,LEITE DE COCO SOCOCO INTEGRAL TRADICIONAL VIDRO 200ML,12.83,12.83,0.0,False,355,13797,7896004400075,191,leite-de-coco-sococo-200ml-359,https://mercadinhossaoluiz.com.br/produto/leite-de-coco-sococo-200ml-359,ovos,Mercadinho São Luiz
ovos,LEITE DE COCO SOCOCO INTEGRAL TRADICIONAL VIDRO 500ML,33.0,33.0,0.0,False,355,13797,7896004400082,17,leite-de-coco-sococo-500ml,https://mercadinhossaoluiz.com.br/produto/leite-de-coco-sococo-500ml,ovos,Mercadinho São Luiz
ovos,FEIJOADA BORDON 430G,15.25,15.25,0.0,False,355,13797,7896031224583,9,feijoada-bordon-lata-430g-269,https://mercadinhossaoluiz.com.br/produto/feijoada-bordon-lata-430g-269,ovos,Mercadinho São Luiz
ovos,FIAMBRE BORDON 320G,13.74,13.74,0.0,False,355,13797,7896031225085,3,carne-lata-bordon-fiambre-320g,https://mercadinhossaoluiz.com.br/produto/carne-lata-bordon-fiambre-320g,ovos,Mercadinho São Luiz
ovos,SALSICHA AO MOLHO BORDON 300G,10.58,10.58,0.0,False,355,13797,7898430869877,8,salsicha-molho-lata-bordon-300g,https://mercadinhossaoluiz.com.br/produto/salsicha-molho-lata-bordon-300g,ovos,Mercadinho São Luiz
ovos,ATUM GOMES COSTA SÓLIDO EM ÓLEO 170G,13.25,13.25,0.0,False,355,13797,7891167011731,20,atum-solido-em-oleo-gomes-da-costa-170g,https://mercadinhossaoluiz.com.br/produto/atum-solido-em-oleo-gomes-da-costa-170g,ovos,Mercadinho São Luiz
ovos,FERMENTO QUÍMICO EM PÓ OETKER 100G,6.21,6.21,0.0,False,355,13797,7891048040003,18,fermento-dr-oetker-100g,https://mercadinhossaoluiz.com.br/produto/fermento-dr-oetker-100g,ovos,Mercadinho São Luiz
ovos,SAL PARA CHURRASCO LEBRE 1KG,2.62,2.62,0.0,False,355,13797,7896110100814,34,sal-grosso-lebre-1kg,https://mercadinhossaoluiz.com.br/produto/sal-grosso-lebre-1kg,ovos,Mercadinho São Luiz
ovos,MISTURA PARA BOLO DONA BENTA LARANJA 450G,8.37,8.37,0.0,False,355,13797,7896005272022,2,mistura-para-bolo-laranja-dona-benta-450g,https://mercadinhossaoluiz.com.br/produto/mistura-para-bolo-laranja-dona-benta-450g,ovos,Mercadinho São Luiz
ovos,MISTURA PARA BOLO DONA BENTA FESTA 450G,8.37,8.37,0.0,False,355,13797,7896005272060,1,mistura-para-bolo-festa-dona-benta-450g,https://mercadinhossaoluiz.com.br/produto/mistura-para-bolo-festa-dona-benta-450g,ovos,Mercadinho São Luiz
ovos,MISTURA PARA BOLO DONA BENTA BAUNILHA 450G,8.37,8.37,0.0,False,355,13797,7896005272107,4,mistura-para-bolo-dona-benta-baunilha-450g,https://mercadinhossaoluiz.com.br/produto/mistura-para-bolo-dona-benta-baunilha-450g,ovos,Mercadinho São Luiz
ovos,ATUM COQUEIRO LIGHT PEDAÇOS 170G,17.53,17.53,0.0,False,355,13797,7894321823508,28,atum-coqueiro-pedacos-naturais-light-170g,https://mercadinhossaoluiz.com.br/produto/atum-coqueiro-pedacos-naturais-light-170g,ovos,Mercadinho São Luiz
ovos,FERMENTO BIOLÓGICO OETKER INSTANTÂNEO EM PÓ 10G,2.62,2.62,0.0,False,355,13797,7891048040065,15,fermento-biologico-dr-oetker-10g-14411,https://mercadinhossaoluiz.com.br/produto/fermento-biologico-dr-oetker-10g-14411,ovos,Mercadinho São Luiz
ovos,LEITE DE COCO SOCOCO REDUZIDO TEOR CALÓRICO 200ML,10.26,10.26,0.0,False,355,13797,7896004400686,10,leite-de-coco-sococo-reduzido-teor-calorico-200ml,https://mercadinhossaoluiz.com.br/produto/leite-de-coco-sococo-reduzido-teor-calorico-200ml,ovos,Mercadinho São Luiz
ovos,ATUM GOMES COSTA RALADO NATURAL 170G,8.41,8.41,0.0,False,355,13797,7891167011779,25,atum-ralado-gomes-da-costa-ao-natural-170g,https://mercadinhossaoluiz.com.br/produto/atum-ralado-gomes-da-costa-ao-natural-170g,ovos,Mercadinho São Luiz
ovos,LEITE DE COCO SOCOCO LIGHT VIDRO 200ML,14.05,14.05,0.0,False,355,13797,7896004400136,9,leite-de-coco-sococo-light-200ml-2046,https://mercadinhossaoluiz.com.br/produto/leite-de-coco-sococo-light-200ml-2046,ovos,Mercadinho São Luiz
ovos,COCO RALADO SOCOCO SWEET ADOÇADO 100G,12.2,12.2,0.0,False,355,13797,7896004400327,8,coco-ralado-sococo-umido-adocado-100g,https://mercadinhossaoluiz.com.br/produto/coco-ralado-sococo-umido-adocado-100g,ovos,Mercadinho São Luiz
ovos,SARDINHA GOMES DA COSTA LIMÃO 125G,7.32,7.32,0.0,False,355,13797,7891167021037,12,sardinha-gomes-da-costa-limao-125g-5085,https://mercadinhossaoluiz.com.br/produto/sardinha-gomes-da-costa-limao-125g-5085,ovos,Mercadinho São Luiz
ovos,QUEIJO PARMESÃO RALADO FAIXA AZUL 100G,16.47,16.47,0.0,False,355,13797,7891999960108,25,queijo-ralado-faixa-azul-100g,https://mercadinhossaoluiz.com.br/produto/queijo-ralado-faixa-azul-100g,ovos,Mercadinho São Luiz
ovos,COCO RALADO SOCOCO FLOCOCO PACOTE 100G,18.94,18.94,0.0,False,355,13797,7896004400341,4,coco-ralado-flococo-100g,https://mercadinhossaoluiz.com.br/produto/coco-ralado-flococo-100g,ovos,Mercadinho São Luiz
ovos,FILÉ DE SARDINHA GOMES DA COSTA ÓLEO 125G,15.25,15.25,0.0,False,355,13797,7891167022010,28,file-sardinha-gomes-da-costa-oleo-125g,https://mercadinhossaoluiz.com.br/produto/file-sardinha-gomes-da-costa-oleo-125g,ovos,Mercadinho São Luiz
ovos,FILÉ DE SARDINHA GOMES DA COSTA TOMATE 125G,15.25,15.25,0.0,False,355,13797,7891167022034,9,file-sardinha-gomes-da-costa-molho-tomate-125g,https://mercadinhossaoluiz.com.br/produto/file-sardinha-gomes-da-costa-molho-tomate-125g,ovos,Mercadinho São Luiz
ovos,FILÉ DE SARDINHA GOMES DA COSTA LIMÃO 125G,15.25,15.25,0.0,False,355,13797,7891167022041,9,file-sardinha-gomes-da-costa-limao-125g,https://mercadinhossaoluiz.com.br/produto/file-sardinha-gomes-da-costa-limao-125g,ovos,Mercadinho São Luiz
ovos,FILÉ DE SARDINHA GOMES DA COSTA PIMENTA 125G,15.25,15.25,0.0,False,355,13797,7891167022027,9,file-sardinha-gomes-da-costa-125g-pimenta,https://mercadinhossaoluiz.com.br/produto/file-sardinha-gomes-da-costa-125g-pimenta,ovos,Mercadinho São Luiz
ovos,ATUM GOMES COSTA PEDAÇOS AO ÓLEO 170G,12.2,12.2,0.0,False,355,13797,7891167011717,22,atum-gomes-da-costa-pedacos-ao-oleo-170g,https://mercadinhossaoluiz.com.br/produto/atum-gomes-da-costa-pedacos-ao-oleo-170g,ovos,Mercadinho São Luiz
ovos,SARDINHA GOMES DA COSTA DEFUMADO 125G,7.32,7.32,0.0,False,355,13797,7891167021105,15,sardinha-gomes-da-costa-oleo-defumado-125g,https://mercadinhossaoluiz.com.br/produto/sardinha-gomes-da-costa-oleo-defumado-125g,ovos,Mercadinho São Luiz
ovos,ATUM GOMES COSTA RALADO DEFUMADO 170G,8.41,8.41,0.0,False,355,13797,7891167012103,17,atum-gomes-da-costa-ralado-temperado-170g-defumado,https://mercadinhossaoluiz.com.br/produto/atum-gomes-da-costa-ralado-temperado-170g-defumado,ovos,Mercadinho São Luiz
ovos,PATÊ DE ATUM COQUEIRO AZEITONA 170G,14.31,14.31,0.0,False,355,13797,7896009301162,11,pate-de-atum-coqueiro-com-azeitona-verde-170g,https://mercadinhossaoluiz.com.br/produto/pate-de-atum-coqueiro-com-azeitona-verde-170g,ovos,Mercadinho São Luiz
ovos,PATÊ DE ATUM COQUEIRO TRADICIONAL 170G,14.31,14.31,0.0,False,355,13797,7896009301193,25,pate-coqueiro-atum-tradicional-170g,https://mercadinhossaoluiz.com.br/produto/pate-coqueiro-atum-tradicional-170g,ovos,Mercadinho São Luiz
ovos,ATUM GOMES COSTA LIGHT PEDAÇOS NATURAIS 170G,12.2,12.2,0.0,False,355,13797,7891167011724,7,atum-gomes-da-costa-em-pedacos-ao-natural-170g,https://mercadinhossaoluiz.com.br/produto/atum-gomes-da-costa-em-pedacos-ao-natural-170g,ovos,Mercadinho São Luiz
ovos,ATUM COQUEIRO RALADO NATURAL 170G,12.94,12.94,0.0,False,355,13797,7896009301124,28,atum-coqueiro-ralado-ao-natural-la-170g,https://mercadinhossaoluiz.com.br/produto/atum-coqueiro-ralado-ao-natural-la-170g,ovos,Mercadinho São Luiz
ovos,PATÊ DE ATUM COQUEIRO PIMENTA 170G,14.31,14.31,0.0,False,355,13797,7894321841038,16,pate-atum-coqueiro-toque-de-pimenta-170g,https://mercadinhossaoluiz.com.br/produto/pate-atum-coqueiro-toque-de-pimenta-170g,ovos,Mercadinho São Luiz
ovos,FERMENTO BIOLÓGICO EM PÓ DONA BENTA FERMIX 10G,1.99,1.99,0.0,False,355,13797,7896005271964,54,fermento-biologico-10g-dona-benta-fermix,https://mercadinhossaoluiz.com.br/produto/fermento-biologico-10g-dona-benta-fermix,ovos,Mercadinho São Luiz
ovos,SAL REFINADO LEBRE LIGHT 50% MENOS SÓDIO 500G,9.37,9.37,0.0,False,355,13797,7896110194264,9,sal-refinado-lebre-light-500g,https://mercadinhossaoluiz.com.br/produto/sal-refinado-lebre-light-500g,ovos,Mercadinho São Luiz
ovos,SAL REFINADO LEBRE 1KG,2.41,2.41,0.0,False,355,13797,7896110100043,47,sal-refinado-lebre-1kg,https://mercadinhossaoluiz.com.br/produto/sal-refinado-lebre-1kg,ovos,Mercadinho São Luiz
ovos,SARDINHA COQUEIRO MOLHO DE TOMATE 125G,6.05,6.05,0.0,False,355,13797,7894321811789,117,sardinha-coqueiro-com-molho-tomate-125g,https://mercadinhossaoluiz.com.br/produto/sardinha-coqueiro-com-molho-tomate-125g,ovos,Mercadinho São Luiz
ovos,ATUM GOMES COSTA RALADO MOLHO DE TOMATE 170G,8.41,8.41,0.0,False,355,13797,7891167011953,19,atum-gomes-da-costa-ralado-com-molho-de-tomate-170g,https://mercadinhossaoluiz.com.br/produto/atum-gomes-da-costa-ralado-com-molho-de-tomate-170g,ovos,Mercadinho São Luiz
ovos,ATUM GOMES COSTA RALADO MOLHO PICANTE 170G,8.41,8.41,0.0,False,355,13797,7891167011960,1,atum-gomes-da-costa-ralado-com-molho-de-tomate-picante-170g,https://mercadinhossaoluiz.com.br/produto/atum-gomes-da-costa-ralado-com-molho-de-tomate-picante-170g,ovos,Mercadinho São Luiz
ovos,PATÊ DE ATUM GOMES COSTA TRADICIONAL 150G,12.79,12.79,0.0,False,355,13797,7891167011847,4,pate-de-atum-gomes-da-costa-tradicional-150g-72403,https://mercadinhossaoluiz.com.br/produto/pate-de-atum-gomes-da-costa-tradicional-150g-72403,ovos,Mercadinho São Luiz
ovos,PATÊ DE ATUM GOMES COSTA LIGHT 150G,12.79,12.79,0.0,False,355,13797,7891167011854,5,pate-de-atum-gomes-da-costa-light-150g,https://mercadinhossaoluiz.com.br/produto/pate-de-atum-gomes-da-costa-light-150g,ovos,Mercadinho São Luiz
ovos,PATÊ DE ATUM GOMES COSTA AZEITONA 150G,12.79,12.79,0.0,False,355,13797,7891167011861,5,pate-de-atum-gomes-da-costa-azeitona-150g,https://mercadinhossaoluiz.com.br/produto/pate-de-atum-gomes-da-costa-azeitona-150g,ovos,Mercadinho São Luiz
ovos,FÓSFORO FIAT LUX EXTRA LONGOS C/50,6.73,6.73,0.0,False,355,13797,7896007941254,18,fosforos-fiat-lux-extra-longo-com-50-unidades,https://mercadinhossaoluiz.com.br/produto/fosforos-fiat-lux-extra-longo-com-50-unidades,ovos,Mercadinho São Luiz
ovos,SAL REFINADO SOSAL PACOTE 1KG,1.88,1.88,0.0,False,355,13797,7897167100024,89,sal-refinado-sosal-pacote-1kg,https://mercadinhossaoluiz.com.br/produto/sal-refinado-sosal-pacote-1kg,ovos,Mercadinho São Luiz
ovos,GELO ICE SUPER 3KG,14.62,14.62,0.0,False,355,13797,7898085100011,18,gelo-ice-super-3kg,https://mercadinhossaoluiz.com.br/produto/gelo-ice-super-3kg,ovos,Mercadinho São Luiz
ovos,FILTRO DE PAPEL SANTA CLARA 102 C/30,6.73,6.73,0.0,False,355,13797,7896224835787,68,filtro-de-papel-santa-clara-102,https://mercadinhossaoluiz.com.br/produto/filtro-de-papel-santa-clara-102,ovos,Mercadinho São Luiz
ovos,FILTRO DE PAPEL SANTA CLARA 103 C/30,6.73,6.73,0.0,False,355,13797,7896224835794,26,filtro-de-papel-santa-clara-103,https://mercadinhossaoluiz.com.br/produto/filtro-de-papel-santa-clara-103,ovos,Mercadinho São Luiz
ovos,COUSCOUS TIPIAK 500G,32.89,32.89,0.0,False,355,13797,3165440007082,2,couscous-frances-tipiak-500g,https://mercadinhossaoluiz.com.br/produto/couscous-frances-tipiak-500g,ovos,Mercadinho São Luiz
ovos,SALADA DE ATUM GOMES COSTA BATATA ERVILHA E CENOURA 150G,13.74,13.74,0.0,False,355,13797,7891167014022,4,salada-com-atum-gomes-da-costa-seleta-150g,https://mercadinhossaoluiz.com.br/produto/salada-com-atum-gomes-da-costa-seleta-150g,ovos,Mercadinho São Luiz
ovos,SALADA DE ATUM GOMES COSTA BATATA E AZEITONA 170G,13.74,13.74,0.0,False,355,13797,7891167014015,6,salada-de-atum-gomes-da-costa-maionese-150g,https://mercadinhossaoluiz.com.br/produto/salada-de-atum-gomes-da-costa-maionese-150g,ovos,Mercadinho São Luiz
ovos,ATUM COQUEIRO PEDAÇOS AO ÓLEO 170G,17.53,17.53,0.0,False,355,13797,7894321823096,24,atum-coqueiro-pedacos-atum-170g,https://mercadinhossaoluiz.com.br/produto/atum-coqueiro-pedacos-atum-170g,ovos,Mercadinho São Luiz
ovos,SARDINHA GOMES DA COSTA PICANTE 125G,7.32,7.32,0.0,False,355,13797,7891167021075,5,sardinha-gomes-da-costa-com-tomate-picante-125g,https://mercadinhossaoluiz.com.br/produto/sardinha-gomes-da-costa-com-tomate-picante-125g,ovos,Mercadinho São Luiz
ovos,ATUM GOMES COSTA BAIXO SÓDIO SÓLIDO EM ÓLEO 170G,15.78,15.78,0.0,False,355,13797,7891167012059,17,atum-gomes-da-costa-solido-em-oleo-baixo-teor-sodio,https://mercadinhossaoluiz.com.br/produto/atum-gomes-da-costa-solido-em-oleo-baixo-teor-sodio,ovos,Mercadinho São Luiz
ovos,FILTRO DE PAPEL MELITTA 100 PEQUENO,5.63,5.63,0.0,False,355,13797,7891021002189,21,coador-melitta-original-100-132474,https://mercadinhossaoluiz.com.br/produto/coador-melitta-original-100-132474,ovos,Mercadinho São Luiz
ovos,VINAGRE DE MAÇÃ SR VICCINO ZERO AÇÚCAR 500ML,29.46,29.46,0.0,False,355,13797,7898908593174,2,vinagre-senhor-viccino-de-maca-zero-acucar-500ml,https://mercadinhossaoluiz.com.br/produto/vinagre-senhor-viccino-de-maca-zero-acucar-500ml,ovos,Mercadinho São Luiz
ovos,FERMENTO BIOLÓGICO PÓ FLEISCHMANN INSTANTÂNEO 10G,2.58,2.58,0.0,False,355,13797,7898409957970,22,fermento-biologico-fleischmann-seco-instantaneo-10g,https://mercadinhossaoluiz.com.br/produto/fermento-biologico-fleischmann-seco-instantaneo-10g,ovos,Mercadinho São Luiz
ovos,FERMENTO BIOLÓGICO PÓ FLEISCHMANN INSTANTÂNEO LV125 PG100G,14.26,14.26,0.0,False,355,13797,7898409951664,3,fermento-fleischmann-leve-125g-e-pague-100g,https://mercadinhossaoluiz.com.br/produto/fermento-fleischmann-leve-125g-e-pague-100g,ovos,Mercadinho São Luiz
ovos,FERMENTO EM PÓ FLEISCHMANN BIOLÓGICO SACHE 10G LEVE 3 PAGUE 2,5.11,5.11,0.0,False,355,13797,7898409950827,8,fermento-em-po-fleischmann-biologico-sache-10g-leve-3-pague-2,https://mercadinhossaoluiz.com.br/produto/fermento-em-po-fleischmann-biologico-sache-10g-leve-3-pague-2,ovos,Mercadinho São Luiz
ovos,MISTURA P/BOLO DONA BENTA CHOCOLATE C/AVELÃ 450G,8.37,8.37,0.0,False,355,13797,7896005216927,4,mistura-para-bolo-dona-benta-chocolate-com-avela-450g,https://mercadinhossaoluiz.com.br/produto/mistura-para-bolo-dona-benta-chocolate-com-avela-450g,ovos,Mercadinho São Luiz
ovos,COCO RALADO COPRA SEM AÇÚCAR 100G,9.37,9.37,0.0,False,355,13797,7898905356796,21,coco-ralado-sem-acucar-copra-100g,https://mercadinhossaoluiz.com.br/produto/coco-ralado-sem-acucar-copra-100g,ovos,Mercadinho São Luiz
ovos,COCO RALADO DIKOKO PREMIUM 100G,7.88,7.88,0.0,False,355,13797,7898914221603,4,coco-ralado-dikoko-premium-100g-96179,https://mercadinhossaoluiz.com.br/produto/coco-ralado-dikoko-premium-100g-96179,ovos,Mercadinho São Luiz
ovos,MISTURA P/BOLO VITALIN S/GLÚTEN AVEIA AMARANTO C/CACAU 300G,15.68,15.68,0.0,False,355,13797,7898568900749,1,mistura-para-bolo-aveia-vitalin-300g-amaranto-cacau,https://mercadinhossaoluiz.com.br/produto/mistura-para-bolo-aveia-vitalin-300g-amaranto-cacau,ovos,Mercadinho São Luiz
ovos,MISTURA P/BOLO VITALIN SEM GLÚTEN AVEIA CHIA C/LARANJA 300G,15.68,15.68,0.0,False,355,13797,7898568900756,4,mistura-bolo-450g-sem-gluten-laranja-e-aveia-vitalin,https://mercadinhossaoluiz.com.br/produto/mistura-bolo-450g-sem-gluten-laranja-e-aveia-vitalin,ovos,Mercadinho São Luiz
ovos,CREME MAGGI MENOS SÓDIO CEBOLA 61G,9.04,9.04,0.0,False,355,13797,7891000279380,22,creme-cebola-maggi-equilibrio-61g,https://mercadinhossaoluiz.com.br/produto/creme-cebola-maggi-equilibrio-61g,ovos,Mercadinho São Luiz
ovos,QUEIJO PARMESÃO RALADO PRESIDENT 100G,15.04,15.04,0.0,False,355,13797,7896034680133,44,queijo-parmesao-president-ralado-100g,https://mercadinhossaoluiz.com.br/produto/queijo-parmesao-president-ralado-100g,ovos,Mercadinho São Luiz
ovos,MILHO VERDE PREDILECTA LATA 170G,4.68,4.68,0.0,False,355,13797,7896292340503,201,milho-verde-lata-predilecta-170g,https://mercadinhossaoluiz.com.br/produto/milho-verde-lata-predilecta-170g,ovos,Mercadinho São Luiz
ovos,ERVILHA PREDILECTA LATA 170G,4.68,4.68,0.0,False,355,13797,7896292340541,57,ervilha-predilecta-170g-lata,https://mercadinhossaoluiz.com.br/produto/ervilha-predilecta-170g-lata,ovos,Mercadinho São Luiz
ovos,FOSFORO FIAT LUX COZINHA FORTE 200UN,7.04,7.04,0.0,False,355,13797,7896007942534,19,fosforo-fiat-lux-cozinha-forte-200un,https://mercadinhossaoluiz.com.br/produto/fosforo-fiat-lux-cozinha-forte-200un,ovos,Mercadinho São Luiz
ovos,MISTURA BOLO FLEISCHMANN CHOCOMOUSSE400G,15.21,15.21,0.0,False,355,13797,7898331012761,3,mistura-bolo-fleischmann-chocomousse400g,https://mercadinhossaoluiz.com.br/produto/mistura-bolo-fleischmann-chocomousse400g,ovos,Mercadinho São Luiz
ovos,MISTURA BOLO MILHO CREM FLEISCHMANN 390G,10.83,10.83,0.0,False,355,13797,7898331012549,3,mistura-bolo-milho-crem-fleischmann-390g,https://mercadinhossaoluiz.com.br/produto/mistura-bolo-milho-crem-fleischmann-390g,ovos,Mercadinho São Luiz
ovos,MISTURA P/ BOLO FLEISCHMANN 390G CHOCOMOUSSE EXTRACRE,15.21,15.21,0.0,False,355,13797,7898331012570,1,mistura-p-bolo-fleischmann-390g-chocomousse-extracre,https://mercadinhossaoluiz.com.br/produto/mistura-p-bolo-fleischmann-390g-chocomousse-extracre,ovos,Mercadinho São Luiz
ovos,MISTURA PRONTA PARA BOLO CENOURA DONA BENTA 450G,8.37,8.37,0.0,False,355,13797,7896005280911,2,mistura-pronta-para-bolo-cenoura-dona-benta-450g,https://mercadinhossaoluiz.com.br/produto/mistura-pronta-para-bolo-cenoura-dona-benta-450g,ovos,Mercadinho São Luiz
